doc_id;title;date;polarity;subjectivity;assessments;manual_sentiment
malawi24_1.txt;Chikwawa, Nsanje floods victims get Sant’ Egidio support.;2019-04-28;-0.03206521739130435;0.521376811594203;[(['heavy'], -0.2, 0.5, None), (['aged'], -0.1, 0.4, None), (['aged'], -0.1, 0.4, None), (['following'], 0.0, 0.1, None), (['heavy'], -0.2, 0.5, None), (['public'], 0.0, 0.06666666666666667, None), (['confirmed'], 0.4, 1.0, None), (['normal'], 0.15, 0.6499999999999999, None), (['entire'], 0.0, 0.625, None), (['heavy'], -0.2, 0.5, None), (['usual'], -0.25, 0.25, None), (['little'], -0.1875, 0.5, None), (['slowly'], -0.30000000000000004, 0.39999999999999997, None), (['dangerously'], -0.6, 0.9, None), (['due'], -0.125, 0.375, None), (['experienced'], 0.8, 0.9, None), (['sudden'], 0.0, 0.5, None), (['aged'], -0.1, 0.4, None), (['left'], 0.0, 0.0, None), (['huge'], 0.4000000000000001, 0.9, None), (['only'], 0.0, 1.0, None), (['traditional'], 0.0, 0.75, None), (['other'], -0.125, 0.375, None)];1
malawi24_111.txt;Floods wash away bridges in Lilongwe.;2019-01-11;-0.10614478114478115;0.42180134680134684;[(['heavy'], -0.2, 0.5, None), (['social'], 0.03333333333333333, 0.06666666666666667, None), (['due'], -0.125, 0.375, None), (['newly'], 0.13636363636363635, 0.45454545454545453, None), (['heavy'], -0.2, 0.5, None), (['various'], 0.0, 0.5, None), (['approximately'], -0.4, 0.6, None), (['expected'], -0.1, 0.4, None), (['expected'], -0.1, 0.4, None)];-1
malawi24_117.txt;Student swept away by flooded Mudi River.;2019-01-19;-0.07678571428571426;0.22083333333333338;[(['victim'], -0.07500000000000001, 0.05, None), (['private'], 0.0, 0.375, None), (['secondary'], -0.3, 0.3, None), (['following'], 0.0, 0.1, None), (['heavy'], -0.2, 0.5, None), (['cross'], 0.0, 0.0, None), (['missing'], -0.2, 0.05, None), (['missing'], -0.2, 0.05, None), (['dead'], -0.2, 0.4, None), (['central'], 0.0, 0.25, None), (['traditional'], 0.0, 0.75, None), (['public'], 0.0, 0.06666666666666667, None), (['cross'], 0.0, 0.0, None), (['sober'], 0.1, 0.2, None)];-1
malawi24_133.txt;MCP pledges to support flood victims.;2019-03-09;0.13640350877192983;0.45482456140350874;[(['various'], 0.0, 0.5, None), (['ready'], 0.2, 0.5, None), (['steady'], 0.16666666666666666, 0.5, None), (['heavy'], -0.2, 0.5, None), (['such'], 0.0, 0.5, None), (['very'], 0.2, 0.3, None), (['currently'], 0.0, 0.4, None), (['more'], 0.5, 0.5, None), (['especially'], 0.0, 1.0, None), (['various'], 0.0, 0.5, None), (['general'], 0.05000000000000002, 0.5, None), (['better'], 0.5, 0.5, None), (['first'], 0.25, 0.3333333333333333, None), (['primary'], 0.4, 0.5, None), (['present'], 0.0, 0.0, None), (['first'], 0.25, 0.3333333333333333, None), (['good'], 0.7, 0.6000000000000001, None), (['secondary'], -0.3, 0.3, None), (['due'], -0.125, 0.375, None)];1
malawi24_134.txt;Floods displace 328 households, damage rice in Karonga.;2019-04-13;0.12955182072829136;0.35259103641456574;[(['heavy'], -0.2, 0.5, None), (['acting'], 0.0, 0.0, None), (['greatly'], 0.8, 0.75, None), (['more'], 0.5, 0.5, None), (['same'], 0.0, 0.125, None), (['due'], -0.125, 0.375, None), (['mainly'], 0.16666666666666666, 0.3333333333333333, None), (['more'], 0.5, 0.5, None), (['developed'], 0.1, 0.3, None), (['far'], 0.1, 1.0, None), (['following'], 0.0, 0.1, None), (['several'], 0.0, 0.0, None), (['due'], -0.125, 0.375, None), (['such'], 0.0, 0.5, None), (['right'], 0.2857142857142857, 0.5357142857142857, None), (['wants'], 0.2, 0.1, None), (['cross'], 0.0, 0.0, None)];0
malawi24_14.txt;Heavy rain kills three in Ntcheu.;2019-03-09;0.0159981684981685;0.41456043956043953;[(['first'], 0.25, 0.3333333333333333, None), (['left'], 0.0, 0.0, None), (['first'], 0.25, 0.3333333333333333, None), (['blue'], 0.0, 0.1, None), (['recent'], 0.0, 0.25, None), (['acting'], 0.0, 0.0, None), (['very', 'passionate'], -0.065, 1.0, None), (['deeply'], 0.0, 0.4, None), (['small'], -0.25, 0.4, None), (['potentially'], 0.0, 1.0, None), (['large'], 0.21428571428571427, 0.42857142857142855, None), (['social'], 0.03333333333333333, 0.06666666666666667, None), (['clean'], 0.3666666666666667, 0.7000000000000001, None), (['clean'], 0.3666666666666667, 0.7000000000000001, None), (['due'], -0.125, 0.375, None), (['hard'], -0.2916666666666667, 0.5416666666666666, None), (['back'], 0.0, 0.0, None), (['such'], 0.0, 0.5, None), (['long'], -0.05, 0.4, None), (['various'], 0.0, 0.5, None), (['directly'], 0.1, 0.4, None), (['worst'], -1.0, 1.0, None), (['southern'], 0.0, 0.0, None), (['active'], -0.13333333333333333, 0.6, None), (['more'], 0.5, 0.5, None), (['supporting'], 0.25, 0.25, None)];-1
malawi24_20.txt;Billions wasted: Nsanje dyke fails to control flooding.;2019-03-23;0.04649038461538462;0.4634294871794871;[(['wasted'], -0.2, 0.0, None), (['fails'], -0.5, 0.3, None), (['tragic'], -0.75, 0.75, None), (['great'], 0.8, 0.75, None), (['due'], -0.125, 0.375, None), (['southern'], 0.0, 0.0, None), (['worth'], 0.3, 0.1, None), (['killed'], -0.2, 0.0, None), (['missing'], -0.2, 0.05, None), (['total'], 0.0, 0.75, None), (['total'], 0.0, 0.75, None), (['much', 'larger'], 0.0, 0.5, None), (['unprecedented'], 0.6, 0.9, None), (['further'], 0.0, 0.5, None), (['more'], 0.5, 0.5, None), (['heavy'], -0.2, 0.5, None), (['spent'], -0.1, 0.1, None), (['main'], 0.16666666666666666, 0.3333333333333333, None), (['blasted'], -0.6, 0.9, None), (['poor'], -0.4, 0.6, None), (['waste'], -0.2, 0.0, None), (['perpetually'], -0.05, 0.2, None), (['such'], 0.0, 0.5, None), (['unexpected'], 0.1, 1.0, None), (['very', 'clear'], 0.13000000000000003, 0.4983333333333333, None), (['spent'], -0.1, 0.1, None), (['appropriately'], 0.5, 0.5, None), (['more'], 0.5, 0.5, None), (['current'], 0.0, 0.4, None), (['less'], -0.16666666666666666, 0.06666666666666667, None), (['usually'], -0.25, 0.25, None), (['more'], 0.5, 0.5, None), (['action'], 0.1, 0.1, None), (['potentially'], 0.0, 1.0, None), (['very', 'crucial'], 0.0, 1.0, None), (['such'], 0.0, 0.5, None), (['above'], 0.0, 0.1, None), (['most'], 0.5, 0.5, None), (['poorly'], -0.4, 0.6, None), (['not', 'concrete'], -0.07500000000000001, 0.30000000000000004, None), (['easily'], 0.43333333333333335, 0.8333333333333334, None), (['not', 'acting'], -0.0, 0.0, None), (['much'], 0.2, 0.2, None), (['responsible'], 0.2, 0.55, None), (['sensitive'], 0.1, 0.9, None), (['very'], 0.2, 0.3, None), (['many'], 0.5, 0.5, None), (['significant'], 0.375, 0.875, None), (['major'], 0.0625, 0.5, None), (['key'], 0.0, 1.0, None), (['serious'], -0.3333333333333333, 0.6666666666666666, None), (['more'], 0.5, 0.5, None)];-1
malawi24_42.txt;African Union donates K74 million to Malawi flood victims.;2019-04-07;-0.01395833333333335;0.37885416666666666;[(['african'], 0.0, 0.0, None), (['african'], 0.0, 0.0, None), (['not', 'huge'], -0.20000000000000004, 0.9, None), (['other'], -0.125, 0.375, None), (['respectively'], 0.0, 0.1, None), (['seriously'], -0.3333333333333333, 0.6666666666666666, None), (['own'], 0.6, 1.0, None), (['good'], 0.7, 0.6000000000000001, None), (['various'], 0.0, 0.5, None), (['very', 'long'], -0.065, 0.52, None), (['really'], 0.2, 0.2, None), (['following'], 0.0, 0.1, None), (['devastating'], -1.0, 1.0, None), (['left'], 0.0, 0.0, None), (['following'], 0.0, 0.1, None), (['african'], 0.0, 0.0, None)];1
malawi24_78.txt;Flood victims surviving on pumpkins.;2019-04-07;0.047619047619047616;0.4238095238095238;[(['more'], 0.5, 0.5, None), (['related'], 0.0, 0.4, None), (['primary'], 0.4, 0.5, None), (['heavy'], -0.2, 0.5, None), (['such'], 0.0, 0.5, None), (['daily'], 0.0, 0.0, None), (['other'], -0.125, 0.375, None), (['other'], -0.125, 0.375, None), (['other'], -0.125, 0.375, None), (['big'], 0.0, 0.1, None), (['enough'], 0.0, 0.5, None), (['same'], 0.0, 0.125, None), (['forced'], -0.30000000000000004, 0.2, None), (['only'], 0.0, 1.0, None), (['related'], 0.0, 0.4, None), (['related'], 0.0, 0.4, None), (['more'], 0.5, 0.5, None), (['due'], -0.125, 0.375, None), (['heavy'], -0.2, 0.5, None), (['experienced'], 0.8, 0.9, None), (['private'], 0.0, 0.375, None)];1
malawi24_80.txt;Woman drowns in flooded river.;2019-02-13;-0.0625;0.23020833333333335;[(['drowned'], -0.1, 0.1, None), (['same'], 0.0, 0.125, None), (['dead'], -0.2, 0.4, None), (['trapped'], -0.2, 0.0, None), (['medical'], 0.0, 0.0, None), (['public'], 0.0, 0.06666666666666667, None), (['similar'], 0.0, 0.4, None), (['traditional'], 0.0, 0.75, None)];-1
malawi24_83.txt;Malawi floods death toll hits 28.;2019-03-10;-0.07857142857142858;0.380952380952381;[(['following'], 0.0, 0.1, None), (['heavy'], -0.2, 0.5, None), (['sour'], -0.15000000000000002, 0.09999999999999999, None), (['last'], 0.0, 0.06666666666666667, None), (['total'], 0.0, 0.75, None), (['approximately'], -0.4, 0.6, None), (['responsible'], 0.2, 0.55, None)];0
malawi24_87.txt;UN chief saddened by deaths caused by Malawi floods.;2019-03-12;-0.04083333333333333;0.3408333333333333;[(['least'], -0.3, 0.4, None), (['past'], -0.25, 0.25, None), (['following'], 0.0, 0.1, None), (['heavy'], -0.2, 0.5, None), (['deeply'], 0.0, 0.4, None), (['significant'], 0.375, 0.875, None), (['heavy'], -0.2, 0.5, None), (['subsequent'], 0.0, 0.05, None), (['several'], 0.0, 0.0, None), (['main'], 0.16666666666666666, 0.3333333333333333, None)];-1
malawi24_94.txt;Botswana donates to Malawians affected by floods.;2019-03-29;0.1407142857142857;0.40214285714285714;[(['ten'], 0.0, 0.0, None), (['high'], 0.16, 0.5399999999999999, None), (['back'], 0.0, 0.0, None), (['long'], -0.05, 0.4, None), (['overwhelming'], 0.5, 1.0, None), (['more'], 0.5, 0.5, None), (['due'], -0.125, 0.375, None)];1
mwnation_32.txt;Flood tales from hospital - The Nation Online.;2019-03-25;-0.02751645373596592;0.33210414246999614;[(['real'], 0.2, 0.30000000000000004, None), (['traditional'], 0.0, 0.75, None), (['right'], 0.2857142857142857, 0.5357142857142857, None), (['back'], 0.0, 0.0, None), (['hard'], -0.2916666666666667, 0.5416666666666666, None), (['deep'], 0.0, 0.4, None), (['traditional'], 0.0, 0.75, None), (['worse'], -0.4, 0.6, None), (['other'], -0.125, 0.375, None), (['badly'], -0.6999999999999998, 0.6666666666666666, None), (['most'], 0.5, 0.5, None), (['not', 'available'], -0.2, 0.4, None), (['own'], 0.6, 1.0, None), (['victim'], -0.07500000000000001, 0.05, None), (['old'], 0.1, 0.2, None), (['many'], 0.5, 0.5, None), (['following'], 0.0, 0.1, None), (['heavy'], -0.2, 0.5, None), (['nearly', 'killed'], -0.2, 0.0, None), (['heavy'], -0.2, 0.5, None), (['middle'], 0.0, 0.0, None), (['bad'], -0.6999999999999998, 0.6666666666666666, None), (['outside'], 0.0, 0.05, None), (['sound'], 0.4, 0.4, None), (['above'], 0.0, 0.1, None), (['heavily'], -0.2, 0.5, None), (['back'], 0.0, 0.0, None), (['half'], -0.16666666666666666, 0.16666666666666666, None), (['mixed'], 0.0, 0.25, None), (['down'], -0.15555555555555559, 0.2888888888888889, None), (['several'], 0.0, 0.0, None), (['trapped'], -0.2, 0.0, None), (['same'], 0.0, 0.125, None), (['heavy'], -0.2, 0.5, None), (['left'], 0.0, 0.0, None), (['dead'], -0.2, 0.4, None), (['more'], 0.5, 0.5, None), (['back'], 0.0, 0.0, None), (['further'], 0.0, 0.5, None), (['back'], 0.0, 0.0, None), (['further'], 0.0, 0.5, None)];-1
mwnation_74.txt;MET warns of more heavy rains, windstorms - The Nation Online.;2019-03-13;0.007118055555555547;0.3378472222222222;[(['more'], 0.5, 0.5, None), (['heavy'], -0.2, 0.5, None), (['heavy'], -0.2, 0.5, None), (['strong'], 0.4333333333333333, 0.7333333333333333, None), (['southern'], 0.0, 0.0, None), (['central'], 0.0, 0.25, None), (['only'], 0.0, 1.0, None), (['southern'], 0.0, 0.0, None), (['heavy'], -0.2, 0.5, None), (['other'], -0.125, 0.375, None), (['following'], 0.0, 0.1, None), (['heavy'], -0.2, 0.5, None), (['strong'], 0.4333333333333333, 0.7333333333333333, None), (['central'], 0.0, 0.25, None), (['southern'], 0.0, 0.0, None), (['last'], 0.0, 0.06666666666666667, None), (['southern'], 0.0, 0.0, None), (['active'], -0.13333333333333333, 0.6, None), (['central'], 0.0, 0.25, None), (['heavy'], -0.2, 0.5, None), (['southern'], 0.0, 0.0, None), (['central'], 0.0, 0.25, None), (['major'], 0.0625, 0.5, None), (['southern'], 0.0, 0.0, None)];0
nyasatimes_10.txt;Flood hit Mozambicans flee to Malawi: Makhanga remains cut off.;2019-03-12;0.04642857142857142;0.47599206349206347;[(['especially'], 0.0, 1.0, None), (['confirmed'], 0.4, 1.0, None), (['natural'], 0.1, 0.4, None), (['many'], 0.5, 0.5, None), (['public'], 0.0, 0.06666666666666667, None), (['desperate'], -0.6, 1.0, None), (['adequate'], 0.3333333333333333, 0.3333333333333333, None), (['human'], 0.0, 0.1, None), (['killed'], -0.2, 0.0, None), (['least'], -0.3, 0.4, None), (['large'], 0.21428571428571427, 0.42857142857142855, None), (['most'], 0.5, 0.5, None), (['following'], 0.0, 0.1, None), (['heavy'], -0.2, 0.5, None), (['past'], -0.25, 0.25, None), (['few'], -0.2, 0.1, None), (['many'], 0.5, 0.5, None), (['particularly'], 0.16666666666666666, 0.3333333333333333, None), (['total'], 0.0, 0.75, None), (['most'], 0.5, 0.5, None), (['primary'], 0.4, 0.5, None), (['primary'], 0.4, 0.5, None), (['further'], 0.0, 0.5, None), (['other'], -0.125, 0.375, None), (['limited'], -0.07142857142857142, 0.14285714285714285, None), (['expensive'], -0.5, 0.7, None), (['round'], -0.2, 0.4, None), (['huge'], 0.4000000000000001, 0.9, None), (['unable'], -0.5, 0.5, None), (['far', '!'], 0.125, 1.0, None)];-1
nyasatimes_101.txt;National Bank of Malawi donates K20m items to flood victims.;2019-04-17;-0.10666666666666666;0.29944444444444446;[(['various'], 0.0, 0.5, None), (['worth'], 0.3, 0.1, None), (['recent'], 0.0, 0.25, None), (['general'], 0.05000000000000002, 0.5, None), (['shocked'], -0.7, 0.8, None), (['following'], 0.0, 0.1, None), (['last'], 0.0, 0.06666666666666667, None), (['back'], 0.0, 0.0, None), (['long'], -0.05, 0.4, None), (['back'], 0.0, 0.0, None), (['other'], -0.125, 0.375, None), (['back'], 0.0, 0.0, None), (['devastating'], -1.0, 1.0, None), (['killed'], -0.2, 0.0, None), (['natural', '!'], 0.125, 0.4, None)];1
nyasatimes_109.txt;World Vision Malawi give flood-affected families relief.;2019-01-30;0.0885035079862666;0.42555829228243025;[(['clean'], 0.3666666666666667, 0.7000000000000001, None), (['safe'], 0.5, 0.5, None), (['several'], 0.0, 0.0, None), (['primary'], 0.4, 0.5, None), (['relatively', 'safe'], 0.5, 0.5, None), (['limited'], -0.07142857142857142, 0.14285714285714285, None), (['poor'], -0.4, 0.6, None), (['many'], 0.5, 0.5, None), (['due'], -0.125, 0.375, None), (['first'], 0.25, 0.3333333333333333, None), (['shocked'], -0.7, 0.8, None), (['far'], 0.1, 1.0, None), (['other'], -0.125, 0.375, None), (['safe'], 0.5, 0.5, None), (['more'], 0.5, 0.5, None), (['many'], 0.5, 0.5, None), (['live'], 0.13636363636363635, 0.5, None), (['further'], 0.0, 0.5, None), (['heavy'], -0.2, 0.5, None), (['dangerously', 'high'], 0.16, 0.5399999999999999, None), (['closed'], -0.1, 0.1, None), (['local'], 0.0, 0.0, None), (['currently'], 0.0, 0.4, None), (['essential'], 0.0, 0.3, None), (['key'], 0.0, 1.0, None), (['other'], -0.125, 0.375, None), (['red'], 0.0, 0.0, None), (['cross'], 0.0, 0.0, None), (['essential', '!'], 0.0, 0.3, None)];1
nyasatimes_114.txt;Unilever Malawi distributes Lifebouy soap to flood victims in Phalombe.;2019-04-16;0.001041666666666663;0.24270833333333333;[(['red'], 0.0, 0.0, None), (['cross'], 0.0, 0.0, None), (['devastating'], -1.0, 1.0, None), (['currently'], 0.0, 0.4, None), (['red'], 0.0, 0.0, None), (['cross'], 0.0, 0.0, None), (['more'], 0.5, 0.5, None), (['possible'], 0.0, 1.0, None), (['basic'], 0.0, 0.125, None), (['other'], -0.125, 0.375, None), (['long'], -0.05, 0.4, None), (['good'], 0.7, 0.6000000000000001, None), (['red'], 0.0, 0.0, None), (['cross'], 0.0, 0.0, None), (['same'], 0.0, 0.125, None), (['red'], 0.0, 0.0, None), (['cross'], 0.0, 0.0, None), (['red'], 0.0, 0.0, None), (['cross'], 0.0, 0.0, None), (['most'], 0.5, 0.5, None), (['vulnerable'], -0.5, 0.5, None), (['global'], 0.0, 0.0, None), (['corporate'], 0.0, 0.0, None), (['personal', '!'], 0.0, 0.3, None)];1
nyasatimes_116.txt;Chimulirenji tours floods devastated areas in Zomba: ‘Govt will provide relief items’.;2019-03-10;0.10555555555555557;0.3777777777777777;[(['busy'], 0.1, 0.3, None), (['killed'], -0.2, 0.0, None), (['traditional'], 0.0, 0.75, None), (['brave'], 0.8, 1.0, None), (['very'], 0.2, 0.3, None), (['heavy'], -0.2, 0.5, None), (['local'], 0.0, 0.0, None), (['international'], 0.0, 0.0, None), (['responsible', '!'], 0.25, 0.55, None)];1
nyasatimes_120.txt;Poly accountancy students reach out to flood victims.;2019-04-02;0.1017156862745098;0.3490196078431373;[(['recent'], 0.0, 0.25, None), (['most'], 0.5, 0.5, None), (['good'], 0.7, 0.6000000000000001, None), (['corporate'], 0.0, 0.0, None), (['social'], 0.03333333333333333, 0.06666666666666667, None), (['such'], 0.0, 0.5, None), (['more'], 0.5, 0.5, None), (['corporate'], 0.0, 0.0, None), (['social'], 0.03333333333333333, 0.06666666666666667, None), (['economic'], 0.2, 0.2, None), (['little'], -0.1875, 0.5, None), (['more'], 0.5, 0.5, None), (['difficult'], -0.5, 1.0, None), (['whole'], 0.2, 0.4, None), (['other'], -0.125, 0.375, None), (['other'], -0.125, 0.375, None), (['starting', '!'], 0.0, 0.1, None)];1
nyasatimes_128.txt;Petroleum Importers Limited reach out to flood victims in Phalombe.;2019-03-29;0.05850840336134454;0.4079831932773109;[(['limited'], -0.07142857142857142, 0.14285714285714285, None), (['major'], 0.0625, 0.5, None), (['limited'], -0.07142857142857142, 0.14285714285714285, None), (['worth'], 0.3, 0.1, None), (['general'], 0.05000000000000002, 0.5, None), (['following'], 0.0, 0.1, None), (['destroying'], -0.2, 0.0, None), (['negative'], -0.3, 0.4, None), (['significant'], 0.375, 0.875, None), (['private'], 0.0, 0.375, None), (['kind'], 0.6, 0.9, None), (['long'], -0.05, 0.4, None), (['heavy'], -0.2, 0.5, None), (['more'], 0.5, 0.5, None), (['especially'], 0.0, 1.0, None), (['southern'], 0.0, 0.0, None), (['numerous', '!'], 0.0, 0.5, None)];1
nyasatimes_130.txt;Mutharika warns against theft of relief items: ‘I will pin you down’.;2019-03-19;-0.08492063492063491;0.32671957671957663;[(['down'], -0.15555555555555559, 0.2888888888888889, None), (['tough'], -0.3888888888888889, 0.8333333333333334, None), (['action'], 0.1, 0.1, None), (['currently'], 0.0, 0.4, None), (['aware'], 0.25, 0.25, None), (['busy'], 0.1, 0.3, None), (['action'], 0.1, 0.1, None), (['busy'], 0.1, 0.3, None), (['bad'], -0.6999999999999998, 0.6666666666666666, None), (['down'], -0.15555555555555559, 0.2888888888888889, None), (['jail'], -0.1, 0.0, None), (['seriously'], -0.3333333333333333, 0.6666666666666666, None), (['other'], -0.125, 0.375, None), (['other'], -0.125, 0.375, None), (['political'], 0.0, 0.1, None), (['heavy'], -0.2, 0.5, None), (['left'], 0.0, 0.0, None), (['female'], 0.0, 0.16666666666666666, None), (['male'], 0.0, 0.1, None), (['far'], 0.1, 1.0, None), (['missing', '!'], -0.25, 0.05, None)];-1
nyasatimes_135.txt;Malawi President visits flood victims and distributes relief goods.;2019-03-13;-0.08875000000000002;0.5062500000000001;[(['necessary'], 0.0, 1.0, None), (['due'], -0.125, 0.375, None), (['heavy'], -0.2, 0.5, None), (['devastating'], -1.0, 1.0, None), (['enough'], 0.0, 0.5, None), (['normal'], 0.15, 0.6499999999999999, None), (['outside'], 0.0, 0.05, None), (['due'], -0.125, 0.375, None), (['current'], 0.0, 0.4, None), (['traditional'], 0.0, 0.75, None), (['due'], -0.125, 0.375, None), (['red'], 0.0, 0.0, None), (['cross'], 0.0, 0.0, None), (['other'], -0.125, 0.375, None), (['grief'], -0.8, 0.2, None), (['worst'], -1.0, 1.0, None), (['loved'], 0.7, 0.8, None), (['love'], 0.5, 0.6, None), (['other'], -0.125, 0.375, None), (['comfortable', '!'], 0.5, 0.8, None)];1
nyasatimes_18.txt;Press Corporation staff donates K1 million to flood victims.;2019-03-21;-0.014285714285714282;0.5571428571428572;[(['corporate'], 0.0, 0.0, None), (['devastating'], -1.0, 1.0, None), (['direct'], 0.1, 0.4, None), (['experienced'], 0.8, 0.9, None), (['especially'], 0.0, 1.0, None), (['southern'], 0.0, 0.0, None), (['different', '!'], 0.0, 0.6, None)];1
nyasatimes_22.txt;Chakwera-Mia help flood victims with money raised by MCP: Promises permanent solutions.;2019-03-18;0.02083333333333333;0.35608974358974355;[(['smile'], 0.3, 0.1, None), (['following'], 0.0, 0.1, None), (['deadly'], -0.2, 0.4, None), (['recent'], 0.0, 0.25, None), (['nearly'], 0.1, 0.4, None), (['least'], -0.3, 0.4, None), (['other'], -0.125, 0.375, None), (['more'], 0.5, 0.5, None), (['traditional'], 0.0, 0.75, None), (['other'], -0.125, 0.375, None), (['similar'], 0.0, 0.4, None), (['better'], 0.5, 0.5, None), (['heavy'], -0.2, 0.5, None), (['deep'], 0.0, 0.4, None), (['due'], -0.125, 0.375, None), (['other'], -0.125, 0.375, None), (['long'], -0.05, 0.4, None), (['long'], -0.05, 0.4, None), (['important'], 0.4, 1.0, None), (['much'], 0.2, 0.2, None), (['particular'], 0.16666666666666666, 0.3333333333333333, None), (['other'], -0.125, 0.375, None), (['present'], 0.0, 0.0, None), (['few'], -0.2, 0.1, None), (['recent'], 0.0, 0.25, None), (['several', '!'], 0.0, 0.0, None)];1
nyasatimes_25.txt;Floods displace 256 people in Salima, destroy 60 hectares of crops in Ntchisi.;2019-02-13;0.02569444444444444;0.4063131313131313;[(['destroy'], -0.2, 0.0, None), (['traditional'], 0.0, 0.75, None), (['local'], 0.0, 0.0, None), (['late'], -0.3, 0.6, None), (['real'], 0.2, 0.30000000000000004, None), (['failed'], -0.5, 0.3, None), (['not', 'accessible'], -0.1875, 0.375, None), (['currently'], 0.0, 0.4, None), (['more'], 0.5, 0.5, None), (['safe'], 0.5, 0.5, None), (['other'], -0.125, 0.375, None), (['available'], 0.4, 0.4, None), (['down'], -0.15555555555555559, 0.2888888888888889, None), (['accessible'], 0.375, 0.375, None), (['total'], 0.0, 0.75, None), (['pregnant'], 0.3333333333333333, 0.5, None), (['similar'], 0.0, 0.4, None), (['traditional'], 0.0, 0.75, None), (['following'], 0.0, 0.1, None), (['near'], 0.1, 0.4, None), (['due'], -0.125, 0.375, None), (['heavy', '!'], -0.25, 0.5, None)];0
nyasatimes_3.txt;UK aid provides life-saving support to Malawi flood victims.;2019-03-21;-0.009943977591036409;0.34138655462184875;[(['international'], 0.0, 0.0, None), (['recent'], 0.0, 0.25, None), (['clean'], 0.3666666666666667, 0.7000000000000001, None), (['large'], 0.21428571428571427, 0.42857142857142855, None), (['red'], 0.0, 0.0, None), (['cross'], 0.0, 0.0, None), (['most'], 0.5, 0.5, None), (['recent'], 0.0, 0.25, None), (['shocking'], -1.0, 1.0, None), (['southern'], 0.0, 0.0, None), (['absolutely'], 0.2, 0.9, None), (['supporting'], 0.25, 0.25, None), (['due'], -0.125, 0.375, None), (['heavy'], -0.2, 0.5, None), (['southern'], 0.0, 0.0, None), (['central'], 0.0, 0.25, None), (['least', '!'], -0.375, 0.4, None)];1
nyasatimes_31.txt;Over 5000 flood victims leave camps, return home.;2019-04-23;-0.04365981240981241;0.30360750360750355;[(['left'], 0.0, 0.0, None), (['past'], -0.25, 0.25, None), (['heavy'], -0.2, 0.5, None), (['back'], 0.0, 0.0, None), (['new'], 0.13636363636363635, 0.45454545454545453, None), (['killed'], -0.2, 0.0, None), (['other'], -0.125, 0.375, None), (['basic'], 0.0, 0.125, None), (['new'], 0.13636363636363635, 0.45454545454545453, None), (['interested'], 0.25, 0.5, None), (['back'], 0.0, 0.0, None), (['whole'], 0.2, 0.4, None), (['only'], 0.0, 1.0, None), (['barely'], 0.05, 0.1, None), (['proper'], 0.0, 0.1, None), (['serious'], -0.3333333333333333, 0.6666666666666666, None), (['enough'], 0.0, 0.5, None), (['complained'], -0.3, 0.2, None), (['next'], 0.0, 0.0, None), (['other'], -0.125, 0.375, None), (['other', '!'], -0.15625, 0.375, None)];-1
nyasatimes_33.txt;Nyasa BB donate K35m worth relief items to flood victims.;2019-03-25;0.10500000000000001;0.24500000000000002;[(['worth'], 0.3, 0.1, None), (['big'], 0.0, 0.1, None), (['financial'], 0.0, 0.0, None), (['recent'], 0.0, 0.25, None), (['especially'], 0.0, 1.0, None), (['corporate'], 0.0, 0.0, None), (['more'], 0.5, 0.5, None), (['more'], 0.5, 0.5, None), (['several'], 0.0, 0.0, None), (['killed', '!'], -0.25, 0.0, None)];1
nyasatimes_34.txt;MEC fails to conduct ballot paper in disaster zone: Urges voters not to panic.;2019-03-13;0.0946078431372549;0.4333333333333333;[(['fails'], -0.5, 0.3, None), (['greatly'], 0.8, 0.75, None), (['forced'], -0.30000000000000004, 0.2, None), (['failed'], -0.5, 0.3, None), (['failed'], -0.5, 0.3, None), (['various'], 0.0, 0.5, None), (['many'], 0.5, 0.5, None), (['able'], 0.5, 0.625, None), (['able'], 0.5, 0.625, None), (['long'], -0.05, 0.4, None), (['further'], 0.0, 0.5, None), (['general'], 0.05000000000000002, 0.5, None), (['public'], 0.0, 0.06666666666666667, None), (['strongly'], 0.4333333333333333, 0.7333333333333333, None), (['general'], 0.05000000000000002, 0.5, None), (['public'], 0.0, 0.06666666666666667, None), (['more', '!'], 0.625, 0.5, None)];-1
nyasatimes_37.txt;2 people miss in Lilongwe devastating floods.;2019-01-12;-0.09538461538461537;0.4024358974358974;[(['devastating'], -1.0, 1.0, None), (['missing'], -0.2, 0.05, None), (['heavy'], -0.2, 0.5, None), (['forced'], -0.30000000000000004, 0.2, None), (['high'], 0.16, 0.5399999999999999, None), (['not', 'confirmed'], -0.2, 1.0, None), (['missing'], -0.2, 0.05, None), (['public'], 0.0, 0.06666666666666667, None), (['busy'], 0.1, 0.3, None), (['near'], 0.1, 0.4, None), (['same'], 0.0, 0.125, None), (['safe'], 0.5, 0.5, None), (['such', '!'], 0.0, 0.5, None)];-1
nyasatimes_41.txt;UTM’s Kaliati rebuilds flooded school blocks in Mulanje.;2019-04-05;0.21574074074074076;0.514351851851852;[(['general'], 0.05000000000000002, 0.5, None), (['primary'], 0.4, 0.5, None), (['recent'], 0.0, 0.25, None), (['primary'], 0.4, 0.5, None), (['other'], -0.125, 0.375, None), (['former'], 0.0, 0.0, None), (['back'], 0.0, 0.0, None), (['primary'], 0.4, 0.5, None), (['good'], 0.7, 0.6000000000000001, None), (['lucky'], 0.3333333333333333, 0.8333333333333334, None), (['experienced'], 0.8, 0.9, None), (['common'], -0.3, 0.5, None), (['good'], 0.7, 0.6000000000000001, None), (['own'], 0.6, 1.0, None), (['southern'], 0.0, 0.0, None), (['experienced'], 0.8, 0.9, None), (['worst'], -1.0, 1.0, None), (['early', '!'], 0.125, 0.3, None)];1
nyasatimes_43.txt;Why Malawi is failing to protect people from floods and what needs to be done.;2019-03-21;0.11722000771505722;0.3887071921477863;[(['uncommon'], 0.8, 1.0, None), (['major'], 0.0625, 0.5, None), (['rural'], 0.0, 0.0, None), (['urban'], 0.0, 0.0, None), (['southern'], 0.0, 0.0, None), (['most'], 0.5, 0.5, None), (['many'], 0.5, 0.5, None), (['least'], -0.3, 0.4, None), (['due'], -0.125, 0.375, None), (['higher'], 0.25, 0.5, None), (['domestic'], 0.0, 0.1, None), (['major'], 0.0625, 0.5, None), (['extensive'], 0.0, 0.3333333333333333, None), (['overall'], 0.0, 0.0, None), (['local'], 0.0, 0.0, None), (['vulnerable'], -0.5, 0.5, None), (['first'], 0.25, 0.3333333333333333, None), (['similar'], 0.0, 0.4, None), (['other'], -0.125, 0.375, None), (['natural'], 0.1, 0.4, None), (['actually'], 0.0, 0.1, None), (['large'], 0.21428571428571427, 0.42857142857142855, None), (['social'], 0.03333333333333333, 0.06666666666666667, None), (['human'], 0.0, 0.1, None), (['prominent'], 0.5, 1.0, None), (['current'], 0.0, 0.4, None), (['academic'], 0.0, 0.0, None), (['social'], 0.03333333333333333, 0.06666666666666667, None), (['economic'], 0.2, 0.2, None), (['high'], 0.16, 0.5399999999999999, None), (['mean'], -0.3125, 0.6875, None), (['more'], 0.5, 0.5, None), (['natural'], 0.1, 0.4, None), (['most'], 0.5, 0.5, None), (['effective'], 0.6, 0.8, None), (['particular'], 0.16666666666666666, 0.3333333333333333, None), (['certain'], 0.21428571428571427, 0.5714285714285714, None), (['more'], 0.5, 0.5, None), (['vulnerable'], -0.5, 0.5, None), (['best'], 1.0, 0.3, None), (['overall'], 0.0, 0.0, None), (['local'], 0.0, 0.0, None), (['widely'], -0.1, 0.4, None), (['mostly'], 0.5, 0.5, None), (['more'], 0.5, 0.5, None), (['starting'], 0.0, 0.1, None), (['not', 'enough'], -0.0, 0.5, None), (['limited'], -0.07142857142857142, 0.14285714285714285, None), (['effective'], 0.6, 0.8, None), (['smooth'], 0.4, 0.5, None), (['heavily'], -0.2, 0.5, None), (['third'], 0.0, 0.0, None), (['half'], -0.16666666666666666, 0.16666666666666666, None), (['particularly'], 0.16666666666666666, 0.3333333333333333, None), (['most'], 0.5, 0.5, None), (['single'], -0.07142857142857142, 0.21428571428571427, None), (['particularly', 'vulnerable'], -0.5, 0.5, None), (['recent'], 0.0, 0.25, None), (['smaller'], 0.0, 0.5, None), (['poor'], -0.4, 0.6, None), (['economic'], 0.2, 0.2, None), (['social'], 0.03333333333333333, 0.06666666666666667, None), (['limited'], -0.07142857142857142, 0.14285714285714285, None), (['possible'], 0.0, 1.0, None), (['back'], 0.0, 0.0, None), (['mixed'], 0.0, 0.25, None), (['mainly'], 0.16666666666666666, 0.3333333333333333, None), (['no', 'other'], 0.0625, 0.375, None), (['further'], 0.0, 0.5, None), (['mostly'], 0.5, 0.5, None), (['early'], 0.1, 0.3, None), (['early'], 0.1, 0.3, None), (['latest'], 0.5, 0.9, None), (['significant'], 0.375, 0.875, None), (['essential'], 0.0, 0.3, None), (['early'], 0.1, 0.3, None), (['not', 'enough'], -0.0, 0.5, None), (['local'], 0.0, 0.0, None), (['early'], 0.1, 0.3, None), (['top'], 0.5, 0.5, None), (['barely'], 0.05, 0.1, None), (['poor'], -0.4, 0.6, None), (['only'], 0.0, 1.0, None), (['limited'], -0.07142857142857142, 0.14285714285714285, None), (['local'], 0.0, 0.0, None), (['more'], 0.5, 0.5, None), (['effectively'], 0.6, 0.8, None), (['crucial'], 0.0, 1.0, None), (['first'], 0.25, 0.3333333333333333, None), (['possible'], 0.0, 1.0, None), (['fine'], 0.4166666666666667, 0.5, None), (['physical'], 0.0, 0.14285714285714285, None), (['other'], -0.125, 0.375, None), (['more'], 0.5, 0.5, None), (['new'], 0.13636363636363635, 0.45454545454545453, None), (['remote'], -0.1, 0.2, None), (['financial'], 0.0, 0.0, None), (['finally'], 0.0, 1.0, None), (['most'], 0.5, 0.5, None), (['rich'], 0.375, 0.75, None), (['local', '!'], 0.0, 0.0, None)];-1
nyasatimes_46.txt;Hindus donate K32 million relief items to flood victims.;2019-04-16;0.1402721088435374;0.40082766439909306;[(['worth'], 0.3, 0.1, None), (['possibly'], 0.0, 1.0, None), (['high'], 0.16, 0.5399999999999999, None), (['really'], 0.2, 0.2, None), (['future'], 0.0, 0.125, None), (['not', 'last'], -0.0, 0.06666666666666667, None), (['next'], 0.0, 0.0, None), (['few'], -0.2, 0.1, None), (['right'], 0.2857142857142857, 0.5357142857142857, None), (['few'], -0.2, 0.1, None), (['own'], 0.6, 1.0, None), (['responsible'], 0.2, 0.55, None), (['huge'], 0.4000000000000001, 0.9, None), (['respective'], 0.0, 0.1, None), (['much'], 0.2, 0.2, None), (['back'], 0.0, 0.0, None), (['very', 'sure'], 0.65, 1.0, None), (['own'], 0.6, 1.0, None), (['current'], 0.0, 0.4, None), (['following'], 0.0, 0.1, None), (['dead', '!'], -0.25, 0.4, None)];1
nyasatimes_48.txt;Walls falls on baby in Balaka, dies: 2 killed in Mangochi after house collapses.;2019-01-14;-0.0508340985613713;0.4838919498010408;[(['killed'], -0.2, 0.0, None), (['old'], 0.1, 0.2, None), (['due'], -0.125, 0.375, None), (['past'], -0.25, 0.25, None), (['excessive'], -0.25, 1.0, None), (['due'], -0.125, 0.375, None), (['down'], -0.15555555555555559, 0.2888888888888889, None), (['due'], -0.125, 0.375, None), (['other'], -0.125, 0.375, None), (['small'], -0.25, 0.4, None), (['only'], 0.0, 1.0, None), (['other'], -0.125, 0.375, None), (['small'], -0.25, 0.4, None), (['new'], 0.13636363636363635, 0.45454545454545453, None), (['dead'], -0.2, 0.4, None), (['serious'], -0.3333333333333333, 0.6666666666666666, None), (['late'], -0.3, 0.6, None), (['traditional'], 0.0, 0.75, None), (['confirmed'], 0.4, 1.0, None), (['dead'], -0.2, 0.4, None), (['early'], 0.1, 0.3, None), (['following'], 0.0, 0.1, None), (['heavy'], -0.2, 0.5, None), (['confirmed'], 0.4, 1.0, None), (['rose'], 0.6, 0.95, None), (['brief'], 0.0, 0.3333333333333333, None), (['heavy'], -0.2, 0.5, None), (['dead'], -0.2, 0.4, None), (['brief'], 0.0, 0.3333333333333333, None), (['confirmed'], 0.4, 1.0, None), (['expected'], -0.1, 0.4, None), (['expected'], -0.1, 0.4, None), (['public', '!'], 0.0, 0.06666666666666667, None)];-1
nyasatimes_53.txt;Cyclone Kenneth looms with fresh floods, Malawi weather experts warn.;2019-04-23;-0.0031862745098039233;0.33921568627450993;[(['fresh'], 0.3, 0.5, None), (['expected'], -0.1, 0.4, None), (['heavy'], -0.2, 0.5, None), (['deep'], 0.0, 0.4, None), (['low'], 0.0, 0.3, None), (['developed'], 0.1, 0.3, None), (['deep'], 0.0, 0.4, None), (['low'], 0.0, 0.3, None), (['developed'], 0.1, 0.3, None), (['deep'], 0.0, 0.4, None), (['low'], 0.0, 0.3, None), (['expected'], -0.1, 0.4, None), (['deep'], 0.0, 0.4, None), (['low'], 0.0, 0.3, None), (['expected'], -0.1, 0.4, None), (['further'], 0.0, 0.5, None), (['deep'], 0.0, 0.4, None), (['low'], 0.0, 0.3, None), (['deep'], 0.0, 0.4, None), (['low'], 0.0, 0.3, None), (['currently'], 0.0, 0.4, None), (['deep'], 0.0, 0.4, None), (['low'], 0.0, 0.3, None), (['no', 'direct'], -0.05, 0.4, None), (['particularly'], 0.16666666666666666, 0.3333333333333333, None), (['deep'], 0.0, 0.4, None), (['low'], 0.0, 0.3, None), (['directly'], 0.1, 0.4, None), (['southern'], 0.0, 0.0, None), (['african'], 0.0, 0.0, None), (['late'], -0.3, 0.6, None), (['barely'], 0.05, 0.1, None), (['killed'], -0.2, 0.0, None), (['directly', '!'], 0.125, 0.4, None)];0
nyasatimes_60.txt;Chiefs refuse to move  upland in Lower Shire.;2019-01-26;-0.1300925925925926;0.5643518518518519;[(['following'], 0.0, 0.1, None), (['devastating'], -1.0, 1.0, None), (['most'], 0.5, 0.5, None), (['love'], 0.5, 0.6, None), (['such'], 0.0, 0.5, None), (['other'], -0.125, 0.375, None), (['other'], -0.125, 0.375, None), (['very', 'bold'], 0.43333333333333335, 0.8666666666666667, None), (['other'], -0.125, 0.375, None), (['cutting'], -0.6, 0.9, None), (['such'], 0.0, 0.5, None), (['only'], 0.0, 1.0, None), (['better'], 0.5, 0.5, None), (['devastating'], -1.0, 1.0, None), (['least'], -0.3, 0.4, None), (['public'], 0.0, 0.06666666666666667, None), (['following'], 0.0, 0.1, None), (['devastating', '!'], -1.0, 1.0, None)];-1
nyasatimes_61.txt;RVG reach out to flood survivors through Belgium initiative ‘Support Malawi’.;2019-04-05;0.16946428571428573;0.4364880952380951;[(['especially'], 0.0, 1.0, None), (['currently'], 0.0, 0.4, None), (['such'], 0.0, 0.5, None), (['less'], -0.16666666666666666, 0.06666666666666667, None), (['certain'], 0.21428571428571427, 0.5714285714285714, None), (['young'], 0.1, 0.4, None), (['currently'], 0.0, 0.4, None), (['currently'], 0.0, 0.4, None), (['innocent'], 0.5, 0.7, None), (['greatly'], 0.8, 0.75, None), (['same'], 0.0, 0.125, None), (['better'], 0.5, 0.5, None), (['far'], 0.1, 1.0, None), (['technical'], 0.0, 0.1, None), (['following'], 0.0, 0.1, None), (['winning'], 0.5, 0.75, None), (['first'], 0.25, 0.3333333333333333, None), (['last'], 0.0, 0.06666666666666667, None), (['win'], 0.8, 0.4, None), (['half', '!'], -0.20833333333333331, 0.16666666666666666, None)];1
nyasatimes_65.txt;Tanzania donates to Malawi maize, medical supplies after Cyclone Idai.;2019-03-23;0.09857142857142857;0.41809523809523813;[(['medical'], 0.0, 0.0, None), (['old'], 0.1, 0.2, None), (['medical'], 0.0, 0.0, None), (['natural'], 0.1, 0.4, None), (['heavy'], -0.2, 0.5, None), (['southern'], 0.0, 0.0, None), (['high'], 0.16, 0.5399999999999999, None), (['quickly'], 0.3333333333333333, 0.5, None), (['medical'], 0.0, 0.0, None), (['following'], 0.0, 0.1, None), (['southern'], 0.0, 0.0, None), (['worse'], -0.4, 0.6, None), (['following'], 0.0, 0.1, None), (['heavy'], -0.2, 0.5, None), (['good'], 0.7, 0.6000000000000001, None), (['enjoy'], 0.4, 0.5, None), (['great'], 0.8, 0.75, None), (['tragic'], -0.75, 0.75, None), (['difficult'], -0.5, 1.0, None), (['greatly'], 0.8, 0.75, None), (['quick'], 0.3333333333333333, 0.5, None), (['long'], -0.05, 0.4, None), (['more'], 0.5, 0.5, None), (['clear'], 0.10000000000000002, 0.3833333333333333, None), (['strong'], 0.4333333333333333, 0.7333333333333333, None), (['common'], -0.3, 0.5, None), (['relevant'], 0.4, 0.9, None), (['medical', '!'], 0.0, 0.0, None)];1
nyasatimes_66.txt;PIL donates K10m to World Vision Malawi towards helping  flood victims.;2019-03-25;-0.00208333333333334;0.3712962962962963;[(['firm'], -0.2, 0.4, None), (['last'], 0.0, 0.06666666666666667, None), (['firm'], -0.2, 0.4, None), (['other'], -0.125, 0.375, None), (['firm'], -0.2, 0.4, None), (['not', 'enough'], -0.0, 0.5, None), (['sure'], 0.5, 0.8888888888888888, None), (['back'], 0.0, 0.0, None), (['very'], 0.2, 0.3, None), (['most'], 0.5, 0.5, None), (['vulnerable'], -0.5, 0.5, None), (['basic', '!'], 0.0, 0.125, None)];1
nyasatimes_71.txt;TNM responds to Malawi flood disaster with K8.7m relief items through Red Cross.;2019-03-16;0.09654471544715448;0.316869918699187;[(['red'], 0.0, 0.0, None), (['cross'], 0.0, 0.0, None), (['red'], 0.0, 0.0, None), (['cross'], 0.0, 0.0, None), (['following'], 0.0, 0.1, None), (['heavy'], -0.2, 0.5, None), (['heavy'], -0.2, 0.5, None), (['red'], 0.0, 0.0, None), (['cross'], 0.0, 0.0, None), (['red'], 0.0, 0.0, None), (['cross'], 0.0, 0.0, None), (['vast'], 0.0, 1.0, None), (['previous'], -0.16666666666666666, 0.16666666666666666, None), (['previous'], -0.16666666666666666, 0.16666666666666666, None), (['red'], 0.0, 0.0, None), (['cross'], 0.0, 0.0, None), (['directly'], 0.1, 0.4, None), (['red'], 0.0, 0.0, None), (['cross'], 0.0, 0.0, None), (['confident'], 0.5, 0.8333333333333334, None), (['good'], 0.7, 0.6000000000000001, None), (['recent'], 0.0, 0.25, None), (['past'], -0.25, 0.25, None), (['similar'], 0.0, 0.4, None), (['heartfelt'], 0.0, 1.0, None), (['loved'], 0.7, 0.8, None), (['recent'], 0.0, 0.25, None), (['quick'], 0.3333333333333333, 0.5, None), (['quick'], 0.3333333333333333, 0.5, None), (['greatly'], 0.8, 0.75, None), (['red'], 0.0, 0.0, None), (['cross'], 0.0, 0.0, None), (['red'], 0.0, 0.0, None), (['cross'], 0.0, 0.0, None), (['kind'], 0.6, 0.9, None), (['long'], -0.05, 0.4, None), (['great'], 0.8, 0.75, None), (['different'], 0.0, 0.6, None), (['other'], -0.125, 0.375, None), (['more'], 0.5, 0.5, None), (['heavy', '!'], -0.25, 0.5, None)];1
nyasatimes_73.txt;Malawian flooding death toll now 45: Relief team struggles to reach affected areas in Lower Shire.;2019-03-12;-0.04891975308641974;0.40910493827160493;[(['heavy'], -0.2, 0.5, None), (['due'], -0.125, 0.375, None), (['human'], 0.0, 0.1, None), (['illegal'], -0.5, 0.5, None), (['sad'], -0.5, 1.0, None), (['such'], 0.0, 0.5, None), (['such'], 0.0, 0.5, None), (['such'], 0.0, 0.5, None), (['near'], 0.1, 0.4, None), (['future'], 0.0, 0.125, None), (['natural'], 0.1, 0.4, None), (['such'], 0.0, 0.5, None), (['down'], -0.15555555555555559, 0.2888888888888889, None), (['such'], 0.0, 0.5, None), (['near'], 0.1, 0.4, None), (['able'], 0.5, 0.625, None), (['missing'], -0.2, 0.05, None), (['following', '!'], 0.0, 0.1, None)];0
nyasatimes_75.txt;New Malawi weather alert warns of more flooding this week.;2019-01-16;0.038941102756892235;0.5087092731829573;[(['confirmed'], 0.4, 1.0, None), (['other'], -0.125, 0.375, None), (['approximately'], -0.4, 0.6, None), (['most'], 0.5, 0.5, None), (['far'], 0.1, 1.0, None), (['total'], 0.0, 0.75, None), (['due'], -0.125, 0.375, None), (['heavy'], -0.2, 0.5, None), (['many'], 0.5, 0.5, None), (['becoming'], 0.45, 0.8500000000000001, None), (['most'], 0.5, 0.5, None), (['various'], 0.0, 0.5, None), (['social'], 0.03333333333333333, 0.06666666666666667, None), (['sick'], -0.7142857142857143, 0.8571428571428571, None), (['hard'], -0.2916666666666667, 0.5416666666666666, None), (['medical'], 0.0, 0.0, None), (['earlier'], 0.0, 0.5, None), (['trapped'], -0.2, 0.0, None), (['supporting', '!'], 0.3125, 0.25, None)];0
nyasatimes_86.txt;Chilima vindicated on dangers of substandard dykes.;2019-03-23;-0.07942857142857143;0.26407142857142857;[(['failed'], -0.5, 0.3, None), (['killed'], -0.2, 0.0, None), (['right'], 0.2857142857142857, 0.5357142857142857, None), (['killed'], -0.2, 0.0, None), (['high'], 0.16, 0.5399999999999999, None), (['cross'], 0.0, 0.0, None), (['foreign'], -0.125, 0.125, None), (['high'], 0.16, 0.5399999999999999, None), (['illegal'], -0.5, 0.5, None), (['action', '!'], 0.125, 0.1, None)];-1
nyasatimes_93.txt;ECG Church responds to President Mutharika’s call to help flood victims.;2019-03-20;0.21538461538461537;0.4826923076923077;[(['christian'], 0.0, 0.0, None), (['central'], 0.0, 0.25, None), (['more'], 0.5, 0.5, None), (['missing'], -0.2, 0.05, None), (['due'], -0.125, 0.375, None), (['silent'], 0.0, 0.1, None), (['such'], 0.0, 0.5, None), (['such'], 0.0, 0.5, None), (['only'], 0.0, 1.0, None), (['experienced'], 0.8, 0.9, None), (['love'], 0.5, 0.6, None), (['wise'], 0.7, 0.9, None), (['love', '!'], 0.625, 0.6, None)];1
nyasatimes_95.txt;Weather experts warn heavy rains, flooding to hit centre, north regions: Malawi declares disaster zones.;2019-03-09;-0.11750000000000001;0.3675;[(['heavy'], -0.2, 0.5, None), (['red'], 0.0, 0.0, None), (['heavy'], -0.2, 0.5, None), (['central'], 0.0, 0.25, None), (['missing'], -0.2, 0.05, None), (['heavy'], -0.2, 0.5, None), (['further'], 0.0, 0.5, None), (['various'], 0.0, 0.5, None), (['due'], -0.125, 0.375, None), (['heavy', '!'], -0.25, 0.5, None)];0
nyasatimes_97.txt;Donors bail out Malawi on K17bn flood victims resettlement deficit.;2019-04-24;0.05303030303030303;0.3274621212121212;[(['african'], 0.0, 0.0, None), (['due'], -0.125, 0.375, None), (['recent'], 0.0, 0.25, None), (['missing'], -0.2, 0.05, None), (['other'], -0.125, 0.375, None), (['basic'], 0.0, 0.125, None), (['new'], 0.13636363636363635, 0.45454545454545453, None), (['interested'], 0.25, 0.5, None), (['back'], 0.0, 0.0, None), (['whole'], 0.2, 0.4, None), (['only'], 0.0, 1.0, None), (['available', '!'], 0.5, 0.4, None)];-1
nyasatimes_99.txt;Mutharika promises construction of dykes to counter  floods in Malawi.;2019-03-24;0.09191176470588236;0.3860294117647059;[(['more'], 0.5, 0.5, None), (['primary'], 0.4, 0.5, None), (['various'], 0.0, 0.5, None), (['recent'], 0.0, 0.25, None), (['more'], 0.5, 0.5, None), (['long'], -0.05, 0.4, None), (['lasting'], 0.0, 0.0, None), (['such'], 0.0, 0.5, None), (['such'], 0.0, 0.5, None), (['such'], 0.0, 0.5, None), (['african'], 0.0, 0.0, None), (['medical'], 0.0, 0.0, None), (['international'], 0.0, 0.0, None), (['far'], 0.1, 1.0, None), (['worst'], -1.0, 1.0, None), (['chinese'], 0.0, 0.0, None), (['american'], 0.0, 0.0, None), (['supporting'], 0.25, 0.25, None), (['more'], 0.5, 0.5, None), (['next'], 0.0, 0.0, None), (['first'], 0.25, 0.3333333333333333, None), (['personal'], 0.0, 0.3, None), (['left'], 0.0, 0.0, None), (['decent'], 0.16666666666666666, 0.6666666666666666, None), (['popularly'], 0.6, 0.9, None), (['heartfelt'], 0.0, 1.0, None), (['loved'], 0.7, 0.8, None), (['recent'], 0.0, 0.25, None), (['open'], 0.0, 0.5, None), (['first'], 0.25, 0.3333333333333333, None), (['more'], 0.5, 0.5, None), (['following'], 0.0, 0.1, None), (['hard'], -0.2916666666666667, 0.5416666666666666, None), (['killed', '!'], -0.25, 0.0, None)];1
times.mw_115.txt;12,000 childbirths expected in camps.;2019-03-28;0.07361111111111111;0.5671296296296297;[(['expected'], -0.1, 0.4, None), (['expected'], -0.1, 0.4, None), (['far'], 0.1, 1.0, None), (['expected'], -0.1, 0.4, None), (['pregnant'], 0.3333333333333333, 0.5, None), (['complicated'], -0.5, 1.0, None), (['far'], 0.1, 1.0, None), (['far'], 0.1, 1.0, None), (['other'], -0.125, 0.375, None), (['safe'], 0.5, 0.5, None), (['early'], 0.1, 0.3, None), (['next'], 0.0, 0.0, None), (['far'], 0.1, 1.0, None), (['net'], 0.0, 0.0, None), (['least'], -0.3, 0.4, None), (['vibrant'], 0.16666666666666666, 0.3333333333333333, None), (['great'], 0.8, 0.75, None), (['hot'], 0.25, 0.8500000000000001, None)];0